sample_id,dtxsid,name,signature,cutoff,onesd,conc,resp
TP0001651A05,DTXSID8020337,Clomiphene citrate (1:1),CMAP mometasone 7.6e-06 100 2494 100,0.239303747,0.119651873,0.03|0.1|0.3|1|10|3|30,-0.267223789187984|0.0446549190032419|-0.0150009098668537|0.097550989137631|0.420105528343523|0.0353858177275554|0.657069577568875
TP0001651A05,DTXSID8020337,Clomiphene citrate (1:1),CMAP benzethonium chloride 9e-06 100 7084 100,0.299200252,0.149600126,0.03|0.1|0.3|1|10|3|30,-0.00300936848747086|-0.0564416381740125|-0.140396140035261|-0.0169891369537805|0.720181054801379|-0.0293549027452288|0.700188720746493
TP0001651A05,DTXSID8020337,Clomiphene citrate (1:1),CMAP maprotiline 1.28e-05 100 5362 100,0.232596866,0.116298433,0.03|0.1|0.3|1|10|3|30,-0.275534164372011|0.0454357999463017|0.000418277544916149|0.0771301127958534|0.521561420629814|0.178426398465722|0.671325004778317
TP0001651A05,DTXSID8020337,Clomiphene citrate (1:1),FRASOR_RESPONSE_TO_ESTRADIOL,0.215799351,0.107899676,0.03|0.1|0.3|1|10|3|30,-0.0173170774463973|-0.150424935630354|-0.147638258455868|-0.205657890962467|-0.491703128268532|-0.162593403438387|-0.328398578091634
TP0001651A05,DTXSID8020337,Clomiphene citrate (1:1),DUTERTRE_ESTRADIOL_RESPONSE_6HR,0.234552824,0.117276412,0.03|0.1|0.3|1|10|3|30,-0.0366193089936469|-0.0855435906137925|-0.233755245862211|-0.264273122791714|-0.647541437275164|-0.299819594857559|-0.41843776314278
TP0001651A05,DTXSID8020337,Clomiphene citrate (1:1),OSADA_ASCL1_TARGETS,0.327692922,0.163846461,0.03|0.1|0.3|1|10|3|30,0.0873921830471752|0.168947566393285|-0.0292995972158778|0.0222602687005185|-0.396865941057219|0.0141889651829876|-0.475842442441606
